username,email,password
JamesButt,JamesButt@ex.com,password
JosephineDarakjy,JosephineDarakjy@ex.com,password
ArtVenere,ArtVenere@ex.com,password
LennaPaprocki,LennaPaprocki@ex.com,password
DonetteFoller,DonetteFoller@ex.com,password
SimonaMorasca,SimonaMorasca@ex.com,password
MitsueTollner,MitsueTollner@ex.com,password
LeotaDilliard,LeotaDilliard@ex.com,password
SageWieser,SageWieser@ex.com,password
KrisMarrier,KrisMarrier@ex.com,password
MinnaAmigon,MinnaAmigon@ex.com,password
AbelMaclead,AbelMaclead@ex.com,password
KileyCaldarera,KileyCaldarera@ex.com,password
GracielaRuta,GracielaRuta@ex.com,password
CammyAlbares,CammyAlbares@ex.com,password
MattiePoquette,MattiePoquette@ex.com,password
MeaghanGarufi,MeaghanGarufi@ex.com,password
GladysRim,GladysRim@ex.com,password
YukiWhobrey,YukiWhobrey@ex.com,password
FletcherFlosi,FletcherFlosi@ex.com,password
BetteNicka,BetteNicka@ex.com,password
VeronikaInouye,VeronikaInouye@ex.com,password
WillardKolmetz,WillardKolmetz@ex.com,password
MaryannRoyster,MaryannRoyster@ex.com,password
AlishaSlusarski,AlishaSlusarski@ex.com,password
AlleneIturbide,AlleneIturbide@ex.com,password
ChanelCaudy,ChanelCaudy@ex.com,password
EzekielChui,EzekielChui@ex.com,password
WillowKusko,WillowKusko@ex.com,password
BernardoFigeroa,BernardoFigeroa@ex.com,password
AmmieCorrio,AmmieCorrio@ex.com,password
FrancineVocelka,FrancineVocelka@ex.com,password
ErnieStenseth,ErnieStenseth@ex.com,password
AlbinaGlick,AlbinaGlick@ex.com,password
AlishiaSergi,AlishiaSergi@ex.com,password
SolangeShinko,SolangeShinko@ex.com,password
JoseStockham,JoseStockham@ex.com,password
RozellaOstrosky,RozellaOstrosky@ex.com,password
ValentineGillian,ValentineGillian@ex.com,password
KatiRulapaugh,KatiRulapaugh@ex.com,password
YoulandaSchemmer,YoulandaSchemmer@ex.com,password
DyanOldroyd,DyanOldroyd@ex.com,password
RoxaneCampain,RoxaneCampain@ex.com,password
LaveraPerin,LaveraPerin@ex.com,password
ErickFerencz,ErickFerencz@ex.com,password
FatimaSaylors,FatimaSaylors@ex.com,password
JinaBriddick,JinaBriddick@ex.com,password
KanishaWaycott,KanishaWaycott@ex.com,password
EmersonBowley,EmersonBowley@ex.com,password
BlairMalet,BlairMalet@ex.com,password
